date,weekNum,weekRange
1/01/2026,1,"Jan 1 – 4, 2026"
2/01/2026,1,"Jan 1 – 4, 2026"
3/01/2026,1,"Jan 1 – 4, 2026"
4/01/2026,1,"Jan 1 – 4, 2026"
5/01/2026,2,"Jan 5 – 11, 2026"
6/01/2026,2,"Jan 5 – 11, 2026"
7/01/2026,2,"Jan 5 – 11, 2026"
8/01/2026,2,"Jan 5 – 11, 2026"
9/01/2026,2,"Jan 5 – 11, 2026"
10/01/2026,2,"Jan 5 – 11, 2026"
11/01/2026,2,"Jan 5 – 11, 2026"
12/01/2026,3,"Jan 12 – 18, 2026"
13/01/2026,3,"Jan 12 – 18, 2026"
14/01/2026,3,"Jan 12 – 18, 2026"
15/01/2026,3,"Jan 12 – 18, 2026"
16/01/2026,3,"Jan 12 – 18, 2026"
17/01/2026,3,"Jan 12 – 18, 2026"
18/01/2026,3,"Jan 12 – 18, 2026"
19/01/2026,4,"Jan 19 – 25, 2026"
20/01/2026,4,"Jan 19 – 25, 2026"
21/01/2026,4,"Jan 19 – 25, 2026"
22/01/2026,4,"Jan 19 – 25, 2026"
23/01/2026,4,"Jan 19 – 25, 2026"
24/01/2026,4,"Jan 19 – 25, 2026"
25/01/2026,4,"Jan 19 – 25, 2026"
26/01/2026,5,"Jan 26 – Feb 1, 2026"
27/01/2026,5,"Jan 26 – Feb 1, 2026"
28/01/2026,5,"Jan 26 – Feb 1, 2026"
29/01/2026,5,"Jan 26 – Feb 1, 2026"
30/01/2026,5,"Jan 26 – Feb 1, 2026"
31/01/2026,5,"Jan 26 – Feb 1, 2026"
1/02/2026,5,"Jan 26 – Feb 1, 2026"
2/02/2026,6,"Feb 2 – 8, 2026"
3/02/2026,6,"Feb 2 – 8, 2026"
4/02/2026,6,"Feb 2 – 8, 2026"
5/02/2026,6,"Feb 2 – 8, 2026"
6/02/2026,6,"Feb 2 – 8, 2026"
7/02/2026,6,"Feb 2 – 8, 2026"
8/02/2026,6,"Feb 2 – 8, 2026"
9/02/2026,7,"Feb 9 – 15, 2026"
10/02/2026,7,"Feb 9 – 15, 2026"
11/02/2026,7,"Feb 9 – 15, 2026"
12/02/2026,7,"Feb 9 – 15, 2026"
13/02/2026,7,"Feb 9 – 15, 2026"
14/02/2026,7,"Feb 9 – 15, 2026"
15/02/2026,7,"Feb 9 – 15, 2026"
16/02/2026,8,"Feb 16 – 22, 2026"
17/02/2026,8,"Feb 16 – 22, 2026"
18/02/2026,8,"Feb 16 – 22, 2026"
19/02/2026,8,"Feb 16 – 22, 2026"
20/02/2026,8,"Feb 16 – 22, 2026"
21/02/2026,8,"Feb 16 – 22, 2026"
22/02/2026,8,"Feb 16 – 22, 2026"
23/02/2026,9,"Feb 23 – Mar 1, 2026"
24/02/2026,9,"Feb 23 – Mar 1, 2026"
25/02/2026,9,"Feb 23 – Mar 1, 2026"
26/02/2026,9,"Feb 23 – Mar 1, 2026"
27/02/2026,9,"Feb 23 – Mar 1, 2026"
28/02/2026,9,"Feb 23 – Mar 1, 2026"
1/03/2026,9,"Feb 23 – Mar 1, 2026"
2/03/2026,10,"Mar 2 – 8, 2026"
3/03/2026,10,"Mar 2 – 8, 2026"
4/03/2026,10,"Mar 2 – 8, 2026"
5/03/2026,10,"Mar 2 – 8, 2026"
6/03/2026,10,"Mar 2 – 8, 2026"
7/03/2026,10,"Mar 2 – 8, 2026"
8/03/2026,10,"Mar 2 – 8, 2026"
9/03/2026,11,"Mar 9 – 15, 2026"
10/03/2026,11,"Mar 9 – 15, 2026"
11/03/2026,11,"Mar 9 – 15, 2026"
12/03/2026,11,"Mar 9 – 15, 2026"
13/03/2026,11,"Mar 9 – 15, 2026"
14/03/2026,11,"Mar 9 – 15, 2026"
15/03/2026,11,"Mar 9 – 15, 2026"
16/03/2026,12,"Mar 16 – 22, 2026"
17/03/2026,12,"Mar 16 – 22, 2026"
18/03/2026,12,"Mar 16 – 22, 2026"
19/03/2026,12,"Mar 16 – 22, 2026"
20/03/2026,12,"Mar 16 – 22, 2026"
21/03/2026,12,"Mar 16 – 22, 2026"
22/03/2026,12,"Mar 16 – 22, 2026"
23/03/2026,13,"Mar 23 – 29, 2026"
24/03/2026,13,"Mar 23 – 29, 2026"
25/03/2026,13,"Mar 23 – 29, 2026"
26/03/2026,13,"Mar 23 – 29, 2026"
27/03/2026,13,"Mar 23 – 29, 2026"
28/03/2026,13,"Mar 23 – 29, 2026"
29/03/2026,13,"Mar 23 – 29, 2026"
30/03/2026,14,"Mar 30 – Apr 5, 2026"
31/03/2026,14,"Mar 30 – Apr 5, 2026"
1/04/2026,14,"Mar 30 – Apr 5, 2026"
2/04/2026,14,"Mar 30 – Apr 5, 2026"
3/04/2026,14,"Mar 30 – Apr 5, 2026"
4/04/2026,14,"Mar 30 – Apr 5, 2026"
5/04/2026,14,"Mar 30 – Apr 5, 2026"
6/04/2026,15,"Apr 6 – 12, 2026"
7/04/2026,15,"Apr 6 – 12, 2026"
8/04/2026,15,"Apr 6 – 12, 2026"
9/04/2026,15,"Apr 6 – 12, 2026"
10/04/2026,15,"Apr 6 – 12, 2026"
11/04/2026,15,"Apr 6 – 12, 2026"
12/04/2026,15,"Apr 6 – 12, 2026"
13/04/2026,16,"Apr 13 – 19, 2026"
14/04/2026,16,"Apr 13 – 19, 2026"
15/04/2026,16,"Apr 13 – 19, 2026"
16/04/2026,16,"Apr 13 – 19, 2026"
17/04/2026,16,"Apr 13 – 19, 2026"
18/04/2026,16,"Apr 13 – 19, 2026"
19/04/2026,16,"Apr 13 – 19, 2026"
20/04/2026,17,"Apr 20 – 26, 2026"
21/04/2026,17,"Apr 20 – 26, 2026"
22/04/2026,17,"Apr 20 – 26, 2026"
23/04/2026,17,"Apr 20 – 26, 2026"
24/04/2026,17,"Apr 20 – 26, 2026"
25/04/2026,17,"Apr 20 – 26, 2026"
26/04/2026,17,"Apr 20 – 26, 2026"
27/04/2026,18,"Apr 27 – May 3, 2026"
28/04/2026,18,"Apr 27 – May 3, 2026"
29/04/2026,18,"Apr 27 – May 3, 2026"
30/04/2026,18,"Apr 27 – May 3, 2026"
1/05/2026,18,"Apr 27 – May 3, 2026"
2/05/2026,18,"Apr 27 – May 3, 2026"
3/05/2026,18,"Apr 27 – May 3, 2026"
4/05/2026,19,"May 4 – 10, 2026"
5/05/2026,19,"May 4 – 10, 2026"
6/05/2026,19,"May 4 – 10, 2026"
7/05/2026,19,"May 4 – 10, 2026"
8/05/2026,19,"May 4 – 10, 2026"
9/05/2026,19,"May 4 – 10, 2026"
10/05/2026,19,"May 4 – 10, 2026"
11/05/2026,20,"May 11 – 17, 2026"
12/05/2026,20,"May 11 – 17, 2026"
13/05/2026,20,"May 11 – 17, 2026"
14/05/2026,20,"May 11 – 17, 2026"
15/05/2026,20,"May 11 – 17, 2026"
16/05/2026,20,"May 11 – 17, 2026"
17/05/2026,20,"May 11 – 17, 2026"
18/05/2026,21,"May 18 – 24, 2026"
19/05/2026,21,"May 18 – 24, 2026"
20/05/2026,21,"May 18 – 24, 2026"
21/05/2026,21,"May 18 – 24, 2026"
22/05/2026,21,"May 18 – 24, 2026"
23/05/2026,21,"May 18 – 24, 2026"
24/05/2026,21,"May 18 – 24, 2026"
25/05/2026,22,"May 25 – 31, 2026"
26/05/2026,22,"May 25 – 31, 2026"
27/05/2026,22,"May 25 – 31, 2026"
28/05/2026,22,"May 25 – 31, 2026"
29/05/2026,22,"May 25 – 31, 2026"
30/05/2026,22,"May 25 – 31, 2026"
31/05/2026,22,"May 25 – 31, 2026"
1/06/2026,23,"Jun 1 – 7, 2026"
2/06/2026,23,"Jun 1 – 7, 2026"
3/06/2026,23,"Jun 1 – 7, 2026"
4/06/2026,23,"Jun 1 – 7, 2026"
5/06/2026,23,"Jun 1 – 7, 2026"
6/06/2026,23,"Jun 1 – 7, 2026"
7/06/2026,23,"Jun 1 – 7, 2026"
8/06/2026,24,"Jun 8 – 14, 2026"
9/06/2026,24,"Jun 8 – 14, 2026"
10/06/2026,24,"Jun 8 – 14, 2026"
11/06/2026,24,"Jun 8 – 14, 2026"
12/06/2026,24,"Jun 8 – 14, 2026"
13/06/2026,24,"Jun 8 – 14, 2026"
14/06/2026,24,"Jun 8 – 14, 2026"
15/06/2026,25,"Jun 15 – 21, 2026"
16/06/2026,25,"Jun 15 – 21, 2026"
17/06/2026,25,"Jun 15 – 21, 2026"
18/06/2026,25,"Jun 15 – 21, 2026"
19/06/2026,25,"Jun 15 – 21, 2026"
20/06/2026,25,"Jun 15 – 21, 2026"
21/06/2026,25,"Jun 15 – 21, 2026"
22/06/2026,26,"Jun 22 – 28, 2026"
23/06/2026,26,"Jun 22 – 28, 2026"
24/06/2026,26,"Jun 22 – 28, 2026"
25/06/2026,26,"Jun 22 – 28, 2026"
26/06/2026,26,"Jun 22 – 28, 2026"
27/06/2026,26,"Jun 22 – 28, 2026"
28/06/2026,26,"Jun 22 – 28, 2026"
29/06/2026,27,"Jun 29 – Jul 5, 2026"
30/06/2026,27,"Jun 29 – Jul 5, 2026"
1/07/2026,27,"Jun 29 – Jul 5, 2026"
2/07/2026,27,"Jun 29 – Jul 5, 2026"
3/07/2026,27,"Jun 29 – Jul 5, 2026"
4/07/2026,27,"Jun 29 – Jul 5, 2026"
5/07/2026,27,"Jun 29 – Jul 5, 2026"
6/07/2026,28,"Jul 6 – 12, 2026"
7/07/2026,28,"Jul 6 – 12, 2026"
8/07/2026,28,"Jul 6 – 12, 2026"
9/07/2026,28,"Jul 6 – 12, 2026"
10/07/2026,28,"Jul 6 – 12, 2026"
11/07/2026,28,"Jul 6 – 12, 2026"
12/07/2026,28,"Jul 6 – 12, 2026"
13/07/2026,29,"Jul 13 – 19, 2026"
14/07/2026,29,"Jul 13 – 19, 2026"
15/07/2026,29,"Jul 13 – 19, 2026"
16/07/2026,29,"Jul 13 – 19, 2026"
17/07/2026,29,"Jul 13 – 19, 2026"
18/07/2026,29,"Jul 13 – 19, 2026"
19/07/2026,29,"Jul 13 – 19, 2026"
20/07/2026,30,"Jul 20 – 26, 2026"
21/07/2026,30,"Jul 20 – 26, 2026"
22/07/2026,30,"Jul 20 – 26, 2026"
23/07/2026,30,"Jul 20 – 26, 2026"
24/07/2026,30,"Jul 20 – 26, 2026"
25/07/2026,30,"Jul 20 – 26, 2026"
26/07/2026,30,"Jul 20 – 26, 2026"
27/07/2026,31,"Jul 27 – Aug 2, 2026"
28/07/2026,31,"Jul 27 – Aug 2, 2026"
29/07/2026,31,"Jul 27 – Aug 2, 2026"
30/07/2026,31,"Jul 27 – Aug 2, 2026"
31/07/2026,31,"Jul 27 – Aug 2, 2026"
1/08/2026,31,"Jul 27 – Aug 2, 2026"
2/08/2026,31,"Jul 27 – Aug 2, 2026"
3/08/2026,32,"Aug 3 – 9, 2026"
4/08/2026,32,"Aug 3 – 9, 2026"
5/08/2026,32,"Aug 3 – 9, 2026"
6/08/2026,32,"Aug 3 – 9, 2026"
7/08/2026,32,"Aug 3 – 9, 2026"
8/08/2026,32,"Aug 3 – 9, 2026"
9/08/2026,32,"Aug 3 – 9, 2026"
10/08/2026,33,"Aug 10 – 16, 2026"
11/08/2026,33,"Aug 10 – 16, 2026"
12/08/2026,33,"Aug 10 – 16, 2026"
13/08/2026,33,"Aug 10 – 16, 2026"
14/08/2026,33,"Aug 10 – 16, 2026"
15/08/2026,33,"Aug 10 – 16, 2026"
16/08/2026,33,"Aug 10 – 16, 2026"
17/08/2026,34,"Aug 17 – 23, 2026"
18/08/2026,34,"Aug 17 – 23, 2026"
19/08/2026,34,"Aug 17 – 23, 2026"
20/08/2026,34,"Aug 17 – 23, 2026"
21/08/2026,34,"Aug 17 – 23, 2026"
22/08/2026,34,"Aug 17 – 23, 2026"
23/08/2026,34,"Aug 17 – 23, 2026"
24/08/2026,35,"Aug 24 – 30, 2026"
25/08/2026,35,"Aug 24 – 30, 2026"
26/08/2026,35,"Aug 24 – 30, 2026"
27/08/2026,35,"Aug 24 – 30, 2026"
28/08/2026,35,"Aug 24 – 30, 2026"
29/08/2026,35,"Aug 24 – 30, 2026"
30/08/2026,35,"Aug 24 – 30, 2026"
31/08/2026,36,"Aug 31 – Sep 6, 2026"
1/09/2026,36,"Aug 31 – Sep 6, 2026"
2/09/2026,36,"Aug 31 – Sep 6, 2026"
3/09/2026,36,"Aug 31 – Sep 6, 2026"
4/09/2026,36,"Aug 31 – Sep 6, 2026"
5/09/2026,36,"Aug 31 – Sep 6, 2026"
6/09/2026,36,"Aug 31 – Sep 6, 2026"
7/09/2026,37,"Sep 7 – 13, 2026"
8/09/2026,37,"Sep 7 – 13, 2026"
9/09/2026,37,"Sep 7 – 13, 2026"
10/09/2026,37,"Sep 7 – 13, 2026"
11/09/2026,37,"Sep 7 – 13, 2026"
12/09/2026,37,"Sep 7 – 13, 2026"
13/09/2026,37,"Sep 7 – 13, 2026"
14/09/2026,38,"Sep 14 – 20, 2026"
15/09/2026,38,"Sep 14 – 20, 2026"
16/09/2026,38,"Sep 14 – 20, 2026"
17/09/2026,38,"Sep 14 – 20, 2026"
18/09/2026,38,"Sep 14 – 20, 2026"
19/09/2026,38,"Sep 14 – 20, 2026"
20/09/2026,38,"Sep 14 – 20, 2026"
21/09/2026,39,"Sep 21 – 27, 2026"
22/09/2026,39,"Sep 21 – 27, 2026"
23/09/2026,39,"Sep 21 – 27, 2026"
24/09/2026,39,"Sep 21 – 27, 2026"
25/09/2026,39,"Sep 21 – 27, 2026"
26/09/2026,39,"Sep 21 – 27, 2026"
27/09/2026,39,"Sep 21 – 27, 2026"
28/09/2026,40,"Sep 28 – Oct 4, 2026"
29/09/2026,40,"Sep 28 – Oct 4, 2026"
30/09/2026,40,"Sep 28 – Oct 4, 2026"
1/10/2026,40,"Sep 28 – Oct 4, 2026"
2/10/2026,40,"Sep 28 – Oct 4, 2026"
3/10/2026,40,"Sep 28 – Oct 4, 2026"
4/10/2026,40,"Sep 28 – Oct 4, 2026"
5/10/2026,41,"Oct 5 – 11, 2026"
6/10/2026,41,"Oct 5 – 11, 2026"
7/10/2026,41,"Oct 5 – 11, 2026"
8/10/2026,41,"Oct 5 – 11, 2026"
9/10/2026,41,"Oct 5 – 11, 2026"
10/10/2026,41,"Oct 5 – 11, 2026"
11/10/2026,41,"Oct 5 – 11, 2026"
12/10/2026,42,"Oct 12 – 18, 2026"
13/10/2026,42,"Oct 12 – 18, 2026"
14/10/2026,42,"Oct 12 – 18, 2026"
15/10/2026,42,"Oct 12 – 18, 2026"
16/10/2026,42,"Oct 12 – 18, 2026"
17/10/2026,42,"Oct 12 – 18, 2026"
18/10/2026,42,"Oct 12 – 18, 2026"
19/10/2026,43,"Oct 19 – 25, 2026"
20/10/2026,43,"Oct 19 – 25, 2026"
21/10/2026,43,"Oct 19 – 25, 2026"
22/10/2026,43,"Oct 19 – 25, 2026"
23/10/2026,43,"Oct 19 – 25, 2026"
24/10/2026,43,"Oct 19 – 25, 2026"
25/10/2026,43,"Oct 19 – 25, 2026"
26/10/2026,44,"Oct 26 – Nov 1, 2026"
27/10/2026,44,"Oct 26 – Nov 1, 2026"
28/10/2026,44,"Oct 26 – Nov 1, 2026"
29/10/2026,44,"Oct 26 – Nov 1, 2026"
30/10/2026,44,"Oct 26 – Nov 1, 2026"
31/10/2026,44,"Oct 26 – Nov 1, 2026"
1/11/2026,44,"Oct 26 – Nov 1, 2026"
2/11/2026,45,"Nov 2 – 8, 2026"
3/11/2026,45,"Nov 2 – 8, 2026"
4/11/2026,45,"Nov 2 – 8, 2026"
5/11/2026,45,"Nov 2 – 8, 2026"
6/11/2026,45,"Nov 2 – 8, 2026"
7/11/2026,45,"Nov 2 – 8, 2026"
8/11/2026,45,"Nov 2 – 8, 2026"
9/11/2026,46,"Nov 9 – 15, 2026"
10/11/2026,46,"Nov 9 – 15, 2026"
11/11/2026,46,"Nov 9 – 15, 2026"
12/11/2026,46,"Nov 9 – 15, 2026"
13/11/2026,46,"Nov 9 – 15, 2026"
14/11/2026,46,"Nov 9 – 15, 2026"
15/11/2026,46,"Nov 9 – 15, 2026"
16/11/2026,47,"Nov 16 – 22, 2026"
17/11/2026,47,"Nov 16 – 22, 2026"
18/11/2026,47,"Nov 16 – 22, 2026"
19/11/2026,47,"Nov 16 – 22, 2026"
20/11/2026,47,"Nov 16 – 22, 2026"
21/11/2026,47,"Nov 16 – 22, 2026"
22/11/2026,47,"Nov 16 – 22, 2026"
23/11/2026,48,"Nov 23 – 29, 2026"
24/11/2026,48,"Nov 23 – 29, 2026"
25/11/2026,48,"Nov 23 – 29, 2026"
26/11/2026,48,"Nov 23 – 29, 2026"
27/11/2026,48,"Nov 23 – 29, 2026"
28/11/2026,48,"Nov 23 – 29, 2026"
29/11/2026,48,"Nov 23 – 29, 2026"
30/11/2026,49,"Nov 30 – Dec 6, 2026"
1/12/2026,49,"Nov 30 – Dec 6, 2026"
2/12/2026,49,"Nov 30 – Dec 6, 2026"
3/12/2026,49,"Nov 30 – Dec 6, 2026"
4/12/2026,49,"Nov 30 – Dec 6, 2026"
5/12/2026,49,"Nov 30 – Dec 6, 2026"
6/12/2026,49,"Nov 30 – Dec 6, 2026"
7/12/2026,50,"Dec 7 – 13, 2026"
8/12/2026,50,"Dec 7 – 13, 2026"
9/12/2026,50,"Dec 7 – 13, 2026"
10/12/2026,50,"Dec 7 – 13, 2026"
11/12/2026,50,"Dec 7 – 13, 2026"
12/12/2026,50,"Dec 7 – 13, 2026"
13/12/2026,50,"Dec 7 – 13, 2026"
14/12/2026,51,"Dec 14 – 20, 2026"
15/12/2026,51,"Dec 14 – 20, 2026"
16/12/2026,51,"Dec 14 – 20, 2026"
17/12/2026,51,"Dec 14 – 20, 2026"
18/12/2026,51,"Dec 14 – 20, 2026"
19/12/2026,51,"Dec 14 – 20, 2026"
20/12/2026,51,"Dec 14 – 20, 2026"
21/12/2026,52,"Dec 21 – 27, 2026"
22/12/2026,52,"Dec 21 – 27, 2026"
23/12/2026,52,"Dec 21 – 27, 2026"
24/12/2026,52,"Dec 21 – 27, 2026"
25/12/2026,52,"Dec 21 – 27, 2026"
26/12/2026,52,"Dec 21 – 27, 2026"
27/12/2026,52,"Dec 21 – 27, 2026"
28/12/2026,53,"Dec 28 – 31, 2026"
29/12/2026,53,"Dec 28 – 31, 2026"
30/12/2026,53,"Dec 28 – 31, 2026"
31/12/2026,53,"Dec 28 – 31, 2026"
1/01/2027,54,"Jan 1 – 3, 2027"
2/01/2027,54,"Jan 1 – 3, 2027"
3/01/2027,54,"Jan 1 – 3, 2027"
4/01/2027,55,"Jan 4 – 10, 2027"
5/01/2027,55,"Jan 4 – 10, 2027"
6/01/2027,55,"Jan 4 – 10, 2027"
7/01/2027,55,"Jan 4 – 10, 2027"
8/01/2027,55,"Jan 4 – 10, 2027"
9/01/2027,55,"Jan 4 – 10, 2027"
10/01/2027,55,"Jan 4 – 10, 2027"
11/01/2027,56,"Jan 11 – 17, 2027"
12/01/2027,56,"Jan 11 – 17, 2027"
13/01/2027,56,"Jan 11 – 17, 2027"
14/01/2027,56,"Jan 11 – 17, 2027"
15/01/2027,56,"Jan 11 – 17, 2027"
16/01/2027,56,"Jan 11 – 17, 2027"
17/01/2027,56,"Jan 11 – 17, 2027"
18/01/2027,57,"Jan 18 – 24, 2027"
19/01/2027,57,"Jan 18 – 24, 2027"
20/01/2027,57,"Jan 18 – 24, 2027"
21/01/2027,57,"Jan 18 – 24, 2027"
22/01/2027,57,"Jan 18 – 24, 2027"
23/01/2027,57,"Jan 18 – 24, 2027"
24/01/2027,57,"Jan 18 – 24, 2027"
25/01/2027,58,"Jan 25 – 31, 2027"
26/01/2027,58,"Jan 25 – 31, 2027"
27/01/2027,58,"Jan 25 – 31, 2027"
28/01/2027,58,"Jan 25 – 31, 2027"
29/01/2027,58,"Jan 25 – 31, 2027"
30/01/2027,58,"Jan 25 – 31, 2027"
31/01/2027,58,"Jan 25 – 31, 2027"
1/02/2027,59,"Feb 1 – 7, 2027"
2/02/2027,59,"Feb 1 – 7, 2027"
3/02/2027,59,"Feb 1 – 7, 2027"
4/02/2027,59,"Feb 1 – 7, 2027"
5/02/2027,59,"Feb 1 – 7, 2027"
6/02/2027,59,"Feb 1 – 7, 2027"
7/02/2027,59,"Feb 1 – 7, 2027"
8/02/2027,60,"Feb 8 – 14, 2027"
9/02/2027,60,"Feb 8 – 14, 2027"
10/02/2027,60,"Feb 8 – 14, 2027"
11/02/2027,60,"Feb 8 – 14, 2027"
12/02/2027,60,"Feb 8 – 14, 2027"
13/02/2027,60,"Feb 8 – 14, 2027"
14/02/2027,60,"Feb 8 – 14, 2027"
15/02/2027,61,"Feb 15 – 21, 2027"
16/02/2027,61,"Feb 15 – 21, 2027"
17/02/2027,61,"Feb 15 – 21, 2027"
18/02/2027,61,"Feb 15 – 21, 2027"
19/02/2027,61,"Feb 15 – 21, 2027"
20/02/2027,61,"Feb 15 – 21, 2027"
21/02/2027,61,"Feb 15 – 21, 2027"
22/02/2027,62,"Feb 22 – 28, 2027"
23/02/2027,62,"Feb 22 – 28, 2027"
24/02/2027,62,"Feb 22 – 28, 2027"
25/02/2027,62,"Feb 22 – 28, 2027"
26/02/2027,62,"Feb 22 – 28, 2027"
27/02/2027,62,"Feb 22 – 28, 2027"
28/02/2027,62,"Feb 22 – 28, 2027"
1/03/2027,63,"Mar 1 – 7, 2027"
2/03/2027,63,"Mar 1 – 7, 2027"
3/03/2027,63,"Mar 1 – 7, 2027"
4/03/2027,63,"Mar 1 – 7, 2027"
5/03/2027,63,"Mar 1 – 7, 2027"
6/03/2027,63,"Mar 1 – 7, 2027"
7/03/2027,63,"Mar 1 – 7, 2027"
8/03/2027,64,"Mar 8 – 14, 2027"
9/03/2027,64,"Mar 8 – 14, 2027"
10/03/2027,64,"Mar 8 – 14, 2027"
11/03/2027,64,"Mar 8 – 14, 2027"
12/03/2027,64,"Mar 8 – 14, 2027"
13/03/2027,64,"Mar 8 – 14, 2027"
14/03/2027,64,"Mar 8 – 14, 2027"
15/03/2027,65,"Mar 15 – 21, 2027"
16/03/2027,65,"Mar 15 – 21, 2027"
17/03/2027,65,"Mar 15 – 21, 2027"
18/03/2027,65,"Mar 15 – 21, 2027"
19/03/2027,65,"Mar 15 – 21, 2027"
20/03/2027,65,"Mar 15 – 21, 2027"
21/03/2027,65,"Mar 15 – 21, 2027"
22/03/2027,66,"Mar 22 – 28, 2027"
23/03/2027,66,"Mar 22 – 28, 2027"
24/03/2027,66,"Mar 22 – 28, 2027"
25/03/2027,66,"Mar 22 – 28, 2027"
26/03/2027,66,"Mar 22 – 28, 2027"
27/03/2027,66,"Mar 22 – 28, 2027"
28/03/2027,66,"Mar 22 – 28, 2027"
29/03/2027,67,"Mar 29 – Apr 4, 2027"
30/03/2027,67,"Mar 29 – Apr 4, 2027"
31/03/2027,67,"Mar 29 – Apr 4, 2027"
1/04/2027,67,"Mar 29 – Apr 4, 2027"
2/04/2027,67,"Mar 29 – Apr 4, 2027"
3/04/2027,67,"Mar 29 – Apr 4, 2027"
4/04/2027,67,"Mar 29 – Apr 4, 2027"
5/04/2027,68,"Apr 5 – 11, 2027"
6/04/2027,68,"Apr 5 – 11, 2027"
7/04/2027,68,"Apr 5 – 11, 2027"
8/04/2027,68,"Apr 5 – 11, 2027"
9/04/2027,68,"Apr 5 – 11, 2027"
10/04/2027,68,"Apr 5 – 11, 2027"
11/04/2027,68,"Apr 5 – 11, 2027"
12/04/2027,69,"Apr 12 – 18, 2027"
13/04/2027,69,"Apr 12 – 18, 2027"
14/04/2027,69,"Apr 12 – 18, 2027"
15/04/2027,69,"Apr 12 – 18, 2027"
16/04/2027,69,"Apr 12 – 18, 2027"
17/04/2027,69,"Apr 12 – 18, 2027"
18/04/2027,69,"Apr 12 – 18, 2027"
19/04/2027,70,"Apr 19 – 25, 2027"
20/04/2027,70,"Apr 19 – 25, 2027"
21/04/2027,70,"Apr 19 – 25, 2027"
22/04/2027,70,"Apr 19 – 25, 2027"
23/04/2027,70,"Apr 19 – 25, 2027"
24/04/2027,70,"Apr 19 – 25, 2027"
25/04/2027,70,"Apr 19 – 25, 2027"
26/04/2027,71,"Apr 26 – May 2, 2027"
27/04/2027,71,"Apr 26 – May 2, 2027"
28/04/2027,71,"Apr 26 – May 2, 2027"
29/04/2027,71,"Apr 26 – May 2, 2027"
30/04/2027,71,"Apr 26 – May 2, 2027"
1/05/2027,71,"Apr 26 – May 2, 2027"
2/05/2027,71,"Apr 26 – May 2, 2027"
3/05/2027,72,"May 3 – 9, 2027"
4/05/2027,72,"May 3 – 9, 2027"
5/05/2027,72,"May 3 – 9, 2027"
6/05/2027,72,"May 3 – 9, 2027"
7/05/2027,72,"May 3 – 9, 2027"
8/05/2027,72,"May 3 – 9, 2027"
9/05/2027,72,"May 3 – 9, 2027"
10/05/2027,73,"May 10 – 16, 2027"
11/05/2027,73,"May 10 – 16, 2027"
12/05/2027,73,"May 10 – 16, 2027"
13/05/2027,73,"May 10 – 16, 2027"
14/05/2027,73,"May 10 – 16, 2027"
15/05/2027,73,"May 10 – 16, 2027"
16/05/2027,73,"May 10 – 16, 2027"
17/05/2027,74,"May 17 – 23, 2027"
18/05/2027,74,"May 17 – 23, 2027"
19/05/2027,74,"May 17 – 23, 2027"
20/05/2027,74,"May 17 – 23, 2027"
21/05/2027,74,"May 17 – 23, 2027"
22/05/2027,74,"May 17 – 23, 2027"
23/05/2027,74,"May 17 – 23, 2027"
24/05/2027,75,"May 24 – 30, 2027"
25/05/2027,75,"May 24 – 30, 2027"
26/05/2027,75,"May 24 – 30, 2027"
27/05/2027,75,"May 24 – 30, 2027"
28/05/2027,75,"May 24 – 30, 2027"
29/05/2027,75,"May 24 – 30, 2027"
30/05/2027,75,"May 24 – 30, 2027"
31/05/2027,76,"May 31 – Jun 6, 2027"
1/06/2027,76,"May 31 – Jun 6, 2027"
2/06/2027,76,"May 31 – Jun 6, 2027"
3/06/2027,76,"May 31 – Jun 6, 2027"
4/06/2027,76,"May 31 – Jun 6, 2027"
5/06/2027,76,"May 31 – Jun 6, 2027"
6/06/2027,76,"May 31 – Jun 6, 2027"
7/06/2027,77,"Jun 7 – 13, 2027"
8/06/2027,77,"Jun 7 – 13, 2027"
9/06/2027,77,"Jun 7 – 13, 2027"
10/06/2027,77,"Jun 7 – 13, 2027"
11/06/2027,77,"Jun 7 – 13, 2027"
12/06/2027,77,"Jun 7 – 13, 2027"
13/06/2027,77,"Jun 7 – 13, 2027"
14/06/2027,78,"Jun 14 – 20, 2027"
15/06/2027,78,"Jun 14 – 20, 2027"
16/06/2027,78,"Jun 14 – 20, 2027"
17/06/2027,78,"Jun 14 – 20, 2027"
18/06/2027,78,"Jun 14 – 20, 2027"
19/06/2027,78,"Jun 14 – 20, 2027"
20/06/2027,78,"Jun 14 – 20, 2027"
21/06/2027,79,"Jun 21 – 27, 2027"
22/06/2027,79,"Jun 21 – 27, 2027"
23/06/2027,79,"Jun 21 – 27, 2027"
24/06/2027,79,"Jun 21 – 27, 2027"
25/06/2027,79,"Jun 21 – 27, 2027"
26/06/2027,79,"Jun 21 – 27, 2027"
27/06/2027,79,"Jun 21 – 27, 2027"
28/06/2027,80,"Jun 28 – Jul 4, 2027"
29/06/2027,80,"Jun 28 – Jul 4, 2027"
30/06/2027,80,"Jun 28 – Jul 4, 2027"
1/07/2027,80,"Jun 28 – Jul 4, 2027"
2/07/2027,80,"Jun 28 – Jul 4, 2027"
3/07/2027,80,"Jun 28 – Jul 4, 2027"
4/07/2027,80,"Jun 28 – Jul 4, 2027"
5/07/2027,81,"Jul 5 – 11, 2027"
6/07/2027,81,"Jul 5 – 11, 2027"
7/07/2027,81,"Jul 5 – 11, 2027"
8/07/2027,81,"Jul 5 – 11, 2027"
9/07/2027,81,"Jul 5 – 11, 2027"
10/07/2027,81,"Jul 5 – 11, 2027"
11/07/2027,81,"Jul 5 – 11, 2027"
12/07/2027,82,"Jul 12 – 18, 2027"
13/07/2027,82,"Jul 12 – 18, 2027"
14/07/2027,82,"Jul 12 – 18, 2027"
15/07/2027,82,"Jul 12 – 18, 2027"
16/07/2027,82,"Jul 12 – 18, 2027"
17/07/2027,82,"Jul 12 – 18, 2027"
18/07/2027,82,"Jul 12 – 18, 2027"
19/07/2027,83,"Jul 19 – 25, 2027"
20/07/2027,83,"Jul 19 – 25, 2027"
21/07/2027,83,"Jul 19 – 25, 2027"
22/07/2027,83,"Jul 19 – 25, 2027"
23/07/2027,83,"Jul 19 – 25, 2027"
24/07/2027,83,"Jul 19 – 25, 2027"
25/07/2027,83,"Jul 19 – 25, 2027"
26/07/2027,84,"Jul 26 – Aug 1, 2027"
27/07/2027,84,"Jul 26 – Aug 1, 2027"
28/07/2027,84,"Jul 26 – Aug 1, 2027"
29/07/2027,84,"Jul 26 – Aug 1, 2027"
30/07/2027,84,"Jul 26 – Aug 1, 2027"
31/07/2027,84,"Jul 26 – Aug 1, 2027"
1/08/2027,84,"Jul 26 – Aug 1, 2027"
2/08/2027,85,"Aug 2 – 8, 2027"
3/08/2027,85,"Aug 2 – 8, 2027"
4/08/2027,85,"Aug 2 – 8, 2027"
5/08/2027,85,"Aug 2 – 8, 2027"
6/08/2027,85,"Aug 2 – 8, 2027"
7/08/2027,85,"Aug 2 – 8, 2027"
8/08/2027,85,"Aug 2 – 8, 2027"
9/08/2027,86,"Aug 9 – 15, 2027"
10/08/2027,86,"Aug 9 – 15, 2027"
11/08/2027,86,"Aug 9 – 15, 2027"
12/08/2027,86,"Aug 9 – 15, 2027"
13/08/2027,86,"Aug 9 – 15, 2027"
14/08/2027,86,"Aug 9 – 15, 2027"
15/08/2027,86,"Aug 9 – 15, 2027"
16/08/2027,87,"Aug 16 – 22, 2027"
17/08/2027,87,"Aug 16 – 22, 2027"
18/08/2027,87,"Aug 16 – 22, 2027"
19/08/2027,87,"Aug 16 – 22, 2027"
20/08/2027,87,"Aug 16 – 22, 2027"
21/08/2027,87,"Aug 16 – 22, 2027"
22/08/2027,87,"Aug 16 – 22, 2027"
23/08/2027,88,"Aug 23 – 29, 2027"
24/08/2027,88,"Aug 23 – 29, 2027"
25/08/2027,88,"Aug 23 – 29, 2027"
26/08/2027,88,"Aug 23 – 29, 2027"
27/08/2027,88,"Aug 23 – 29, 2027"
28/08/2027,88,"Aug 23 – 29, 2027"
29/08/2027,88,"Aug 23 – 29, 2027"
30/08/2027,89,"Aug 30 – Sep 5, 2027"
31/08/2027,89,"Aug 30 – Sep 5, 2027"
1/09/2027,89,"Aug 30 – Sep 5, 2027"
2/09/2027,89,"Aug 30 – Sep 5, 2027"
3/09/2027,89,"Aug 30 – Sep 5, 2027"
4/09/2027,89,"Aug 30 – Sep 5, 2027"
5/09/2027,89,"Aug 30 – Sep 5, 2027"
6/09/2027,90,"Sep 6 – 12, 2027"
7/09/2027,90,"Sep 6 – 12, 2027"
8/09/2027,90,"Sep 6 – 12, 2027"
9/09/2027,90,"Sep 6 – 12, 2027"
10/09/2027,90,"Sep 6 – 12, 2027"
11/09/2027,90,"Sep 6 – 12, 2027"
12/09/2027,90,"Sep 6 – 12, 2027"
13/09/2027,91,"Sep 13 – 19, 2027"
14/09/2027,91,"Sep 13 – 19, 2027"
15/09/2027,91,"Sep 13 – 19, 2027"
16/09/2027,91,"Sep 13 – 19, 2027"
17/09/2027,91,"Sep 13 – 19, 2027"
18/09/2027,91,"Sep 13 – 19, 2027"
19/09/2027,91,"Sep 13 – 19, 2027"
20/09/2027,92,"Sep 20 – 26, 2027"
21/09/2027,92,"Sep 20 – 26, 2027"
22/09/2027,92,"Sep 20 – 26, 2027"
23/09/2027,92,"Sep 20 – 26, 2027"
24/09/2027,92,"Sep 20 – 26, 2027"
25/09/2027,92,"Sep 20 – 26, 2027"
26/09/2027,92,"Sep 20 – 26, 2027"
27/09/2027,93,"Sep 27 – Oct 3, 2027"
28/09/2027,93,"Sep 27 – Oct 3, 2027"
29/09/2027,93,"Sep 27 – Oct 3, 2027"
30/09/2027,93,"Sep 27 – Oct 3, 2027"
1/10/2027,93,"Sep 27 – Oct 3, 2027"
2/10/2027,93,"Sep 27 – Oct 3, 2027"
3/10/2027,93,"Sep 27 – Oct 3, 2027"
4/10/2027,94,"Oct 4 – 10, 2027"
5/10/2027,94,"Oct 4 – 10, 2027"
6/10/2027,94,"Oct 4 – 10, 2027"
7/10/2027,94,"Oct 4 – 10, 2027"
8/10/2027,94,"Oct 4 – 10, 2027"
9/10/2027,94,"Oct 4 – 10, 2027"
10/10/2027,94,"Oct 4 – 10, 2027"
11/10/2027,95,"Oct 11 – 17, 2027"
12/10/2027,95,"Oct 11 – 17, 2027"
13/10/2027,95,"Oct 11 – 17, 2027"
14/10/2027,95,"Oct 11 – 17, 2027"
15/10/2027,95,"Oct 11 – 17, 2027"
16/10/2027,95,"Oct 11 – 17, 2027"
17/10/2027,95,"Oct 11 – 17, 2027"
18/10/2027,96,"Oct 18 – 24, 2027"
19/10/2027,96,"Oct 18 – 24, 2027"
20/10/2027,96,"Oct 18 – 24, 2027"
21/10/2027,96,"Oct 18 – 24, 2027"
22/10/2027,96,"Oct 18 – 24, 2027"
23/10/2027,96,"Oct 18 – 24, 2027"
24/10/2027,96,"Oct 18 – 24, 2027"
25/10/2027,97,"Oct 25 – 31, 2027"
26/10/2027,97,"Oct 25 – 31, 2027"
27/10/2027,97,"Oct 25 – 31, 2027"
28/10/2027,97,"Oct 25 – 31, 2027"
29/10/2027,97,"Oct 25 – 31, 2027"
30/10/2027,97,"Oct 25 – 31, 2027"
31/10/2027,97,"Oct 25 – 31, 2027"
1/11/2027,98,"Nov 1 – 7, 2027"
2/11/2027,98,"Nov 1 – 7, 2027"
3/11/2027,98,"Nov 1 – 7, 2027"
4/11/2027,98,"Nov 1 – 7, 2027"
5/11/2027,98,"Nov 1 – 7, 2027"
6/11/2027,98,"Nov 1 – 7, 2027"
7/11/2027,98,"Nov 1 – 7, 2027"
8/11/2027,99,"Nov 8 – 14, 2027"
9/11/2027,99,"Nov 8 – 14, 2027"
10/11/2027,99,"Nov 8 – 14, 2027"
11/11/2027,99,"Nov 8 – 14, 2027"
12/11/2027,99,"Nov 8 – 14, 2027"
13/11/2027,99,"Nov 8 – 14, 2027"
14/11/2027,99,"Nov 8 – 14, 2027"
15/11/2027,100,"Nov 15 – 21, 2027"
16/11/2027,100,"Nov 15 – 21, 2027"
17/11/2027,100,"Nov 15 – 21, 2027"
18/11/2027,100,"Nov 15 – 21, 2027"
19/11/2027,100,"Nov 15 – 21, 2027"
20/11/2027,100,"Nov 15 – 21, 2027"
21/11/2027,100,"Nov 15 – 21, 2027"
22/11/2027,101,"Nov 22 – 28, 2027"
23/11/2027,101,"Nov 22 – 28, 2027"
24/11/2027,101,"Nov 22 – 28, 2027"
25/11/2027,101,"Nov 22 – 28, 2027"
26/11/2027,101,"Nov 22 – 28, 2027"
27/11/2027,101,"Nov 22 – 28, 2027"
28/11/2027,101,"Nov 22 – 28, 2027"
29/11/2027,102,"Nov 29 – Dec 5, 2027"
30/11/2027,102,"Nov 29 – Dec 5, 2027"
1/12/2027,102,"Nov 29 – Dec 5, 2027"
2/12/2027,102,"Nov 29 – Dec 5, 2027"
3/12/2027,102,"Nov 29 – Dec 5, 2027"
4/12/2027,102,"Nov 29 – Dec 5, 2027"
5/12/2027,102,"Nov 29 – Dec 5, 2027"
6/12/2027,103,"Dec 6 – 12, 2027"
7/12/2027,103,"Dec 6 – 12, 2027"
8/12/2027,103,"Dec 6 – 12, 2027"
9/12/2027,103,"Dec 6 – 12, 2027"
10/12/2027,103,"Dec 6 – 12, 2027"
11/12/2027,103,"Dec 6 – 12, 2027"
12/12/2027,103,"Dec 6 – 12, 2027"
13/12/2027,104,"Dec 13 – 19, 2027"
14/12/2027,104,"Dec 13 – 19, 2027"
15/12/2027,104,"Dec 13 – 19, 2027"
16/12/2027,104,"Dec 13 – 19, 2027"
17/12/2027,104,"Dec 13 – 19, 2027"
18/12/2027,104,"Dec 13 – 19, 2027"
19/12/2027,104,"Dec 13 – 19, 2027"
20/12/2027,105,"Dec 20 – 26, 2027"
21/12/2027,105,"Dec 20 – 26, 2027"
22/12/2027,105,"Dec 20 – 26, 2027"
23/12/2027,105,"Dec 20 – 26, 2027"
24/12/2027,105,"Dec 20 – 26, 2027"
25/12/2027,105,"Dec 20 – 26, 2027"
26/12/2027,105,"Dec 20 – 26, 2027"
27/12/2027,106,"Dec 27 – 31, 2027"
28/12/2027,106,"Dec 27 – 31, 2027"
29/12/2027,106,"Dec 27 – 31, 2027"
30/12/2027,106,"Dec 27 – 31, 2027"
31/12/2027,106,"Dec 27 – 31, 2027"
1/01/2028,107,"Jan 1 – 2, 2028"
2/01/2028,107,"Jan 1 – 2, 2028"
3/01/2028,108,"Jan 3 – 9, 2028"
4/01/2028,108,"Jan 3 – 9, 2028"
5/01/2028,108,"Jan 3 – 9, 2028"
6/01/2028,108,"Jan 3 – 9, 2028"
7/01/2028,108,"Jan 3 – 9, 2028"
8/01/2028,108,"Jan 3 – 9, 2028"
9/01/2028,108,"Jan 3 – 9, 2028"
10/01/2028,109,"Jan 10 – 16, 2028"
11/01/2028,109,"Jan 10 – 16, 2028"
12/01/2028,109,"Jan 10 – 16, 2028"
13/01/2028,109,"Jan 10 – 16, 2028"
14/01/2028,109,"Jan 10 – 16, 2028"
15/01/2028,109,"Jan 10 – 16, 2028"
16/01/2028,109,"Jan 10 – 16, 2028"
17/01/2028,110,"Jan 17 – 23, 2028"
18/01/2028,110,"Jan 17 – 23, 2028"
19/01/2028,110,"Jan 17 – 23, 2028"
20/01/2028,110,"Jan 17 – 23, 2028"
21/01/2028,110,"Jan 17 – 23, 2028"
22/01/2028,110,"Jan 17 – 23, 2028"
23/01/2028,110,"Jan 17 – 23, 2028"
24/01/2028,111,"Jan 24 – 30, 2028"
25/01/2028,111,"Jan 24 – 30, 2028"
26/01/2028,111,"Jan 24 – 30, 2028"
27/01/2028,111,"Jan 24 – 30, 2028"
28/01/2028,111,"Jan 24 – 30, 2028"
29/01/2028,111,"Jan 24 – 30, 2028"
30/01/2028,111,"Jan 24 – 30, 2028"
31/01/2028,112,"Jan 31 – Feb 6, 2028"
1/02/2028,112,"Jan 31 – Feb 6, 2028"
2/02/2028,112,"Jan 31 – Feb 6, 2028"
3/02/2028,112,"Jan 31 – Feb 6, 2028"
4/02/2028,112,"Jan 31 – Feb 6, 2028"
5/02/2028,112,"Jan 31 – Feb 6, 2028"
6/02/2028,112,"Jan 31 – Feb 6, 2028"
7/02/2028,113,"Feb 7 – 13, 2028"
8/02/2028,113,"Feb 7 – 13, 2028"
9/02/2028,113,"Feb 7 – 13, 2028"
10/02/2028,113,"Feb 7 – 13, 2028"
11/02/2028,113,"Feb 7 – 13, 2028"
12/02/2028,113,"Feb 7 – 13, 2028"
13/02/2028,113,"Feb 7 – 13, 2028"
14/02/2028,114,"Feb 14 – 20, 2028"
15/02/2028,114,"Feb 14 – 20, 2028"
16/02/2028,114,"Feb 14 – 20, 2028"
17/02/2028,114,"Feb 14 – 20, 2028"
18/02/2028,114,"Feb 14 – 20, 2028"
19/02/2028,114,"Feb 14 – 20, 2028"
20/02/2028,114,"Feb 14 – 20, 2028"
21/02/2028,115,"Feb 21 – 27, 2028"
22/02/2028,115,"Feb 21 – 27, 2028"
23/02/2028,115,"Feb 21 – 27, 2028"
24/02/2028,115,"Feb 21 – 27, 2028"
25/02/2028,115,"Feb 21 – 27, 2028"
26/02/2028,115,"Feb 21 – 27, 2028"
27/02/2028,115,"Feb 21 – 27, 2028"
28/02/2028,116,"Feb 28 – Mar 5, 2028"
29/02/2028,116,"Feb 28 – Mar 5, 2028"
1/03/2028,116,"Feb 28 – Mar 5, 2028"
2/03/2028,116,"Feb 28 – Mar 5, 2028"
3/03/2028,116,"Feb 28 – Mar 5, 2028"
4/03/2028,116,"Feb 28 – Mar 5, 2028"
5/03/2028,116,"Feb 28 – Mar 5, 2028"
6/03/2028,117,"Mar 6 – 12, 2028"
7/03/2028,117,"Mar 6 – 12, 2028"
8/03/2028,117,"Mar 6 – 12, 2028"
9/03/2028,117,"Mar 6 – 12, 2028"
10/03/2028,117,"Mar 6 – 12, 2028"
11/03/2028,117,"Mar 6 – 12, 2028"
12/03/2028,117,"Mar 6 – 12, 2028"
13/03/2028,118,"Mar 13 – 19, 2028"
14/03/2028,118,"Mar 13 – 19, 2028"
15/03/2028,118,"Mar 13 – 19, 2028"
16/03/2028,118,"Mar 13 – 19, 2028"
17/03/2028,118,"Mar 13 – 19, 2028"
18/03/2028,118,"Mar 13 – 19, 2028"
19/03/2028,118,"Mar 13 – 19, 2028"
20/03/2028,119,"Mar 20 – 26, 2028"
21/03/2028,119,"Mar 20 – 26, 2028"
22/03/2028,119,"Mar 20 – 26, 2028"
23/03/2028,119,"Mar 20 – 26, 2028"
24/03/2028,119,"Mar 20 – 26, 2028"
25/03/2028,119,"Mar 20 – 26, 2028"
26/03/2028,119,"Mar 20 – 26, 2028"
27/03/2028,120,"Mar 27 – Apr 2, 2028"
28/03/2028,120,"Mar 27 – Apr 2, 2028"
29/03/2028,120,"Mar 27 – Apr 2, 2028"
30/03/2028,120,"Mar 27 – Apr 2, 2028"
31/03/2028,120,"Mar 27 – Apr 2, 2028"
1/04/2028,120,"Mar 27 – Apr 2, 2028"
2/04/2028,120,"Mar 27 – Apr 2, 2028"
3/04/2028,121,"Apr 3 – 9, 2028"
4/04/2028,121,"Apr 3 – 9, 2028"
5/04/2028,121,"Apr 3 – 9, 2028"
6/04/2028,121,"Apr 3 – 9, 2028"
7/04/2028,121,"Apr 3 – 9, 2028"
8/04/2028,121,"Apr 3 – 9, 2028"
9/04/2028,121,"Apr 3 – 9, 2028"
10/04/2028,122,"Apr 10 – 16, 2028"
11/04/2028,122,"Apr 10 – 16, 2028"
12/04/2028,122,"Apr 10 – 16, 2028"
13/04/2028,122,"Apr 10 – 16, 2028"
14/04/2028,122,"Apr 10 – 16, 2028"
15/04/2028,122,"Apr 10 – 16, 2028"
16/04/2028,122,"Apr 10 – 16, 2028"
17/04/2028,123,"Apr 17 – 23, 2028"
18/04/2028,123,"Apr 17 – 23, 2028"
19/04/2028,123,"Apr 17 – 23, 2028"
20/04/2028,123,"Apr 17 – 23, 2028"
21/04/2028,123,"Apr 17 – 23, 2028"
22/04/2028,123,"Apr 17 – 23, 2028"
23/04/2028,123,"Apr 17 – 23, 2028"
24/04/2028,124,"Apr 24 – 30, 2028"
25/04/2028,124,"Apr 24 – 30, 2028"
26/04/2028,124,"Apr 24 – 30, 2028"
27/04/2028,124,"Apr 24 – 30, 2028"
28/04/2028,124,"Apr 24 – 30, 2028"
29/04/2028,124,"Apr 24 – 30, 2028"
30/04/2028,124,"Apr 24 – 30, 2028"
1/05/2028,125,"May 1 – 7, 2028"
2/05/2028,125,"May 1 – 7, 2028"
3/05/2028,125,"May 1 – 7, 2028"
4/05/2028,125,"May 1 – 7, 2028"
5/05/2028,125,"May 1 – 7, 2028"
6/05/2028,125,"May 1 – 7, 2028"
7/05/2028,125,"May 1 – 7, 2028"
8/05/2028,126,"May 8 – 14, 2028"
9/05/2028,126,"May 8 – 14, 2028"
10/05/2028,126,"May 8 – 14, 2028"
11/05/2028,126,"May 8 – 14, 2028"
12/05/2028,126,"May 8 – 14, 2028"
13/05/2028,126,"May 8 – 14, 2028"
14/05/2028,126,"May 8 – 14, 2028"
15/05/2028,127,"May 15 – 21, 2028"
16/05/2028,127,"May 15 – 21, 2028"
17/05/2028,127,"May 15 – 21, 2028"
18/05/2028,127,"May 15 – 21, 2028"
19/05/2028,127,"May 15 – 21, 2028"
20/05/2028,127,"May 15 – 21, 2028"
21/05/2028,127,"May 15 – 21, 2028"
22/05/2028,128,"May 22 – 28, 2028"
23/05/2028,128,"May 22 – 28, 2028"
24/05/2028,128,"May 22 – 28, 2028"
25/05/2028,128,"May 22 – 28, 2028"
26/05/2028,128,"May 22 – 28, 2028"
27/05/2028,128,"May 22 – 28, 2028"
28/05/2028,128,"May 22 – 28, 2028"
29/05/2028,129,"May 29 – Jun 4, 2028"
30/05/2028,129,"May 29 – Jun 4, 2028"
31/05/2028,129,"May 29 – Jun 4, 2028"
1/06/2028,129,"May 29 – Jun 4, 2028"
2/06/2028,129,"May 29 – Jun 4, 2028"
3/06/2028,129,"May 29 – Jun 4, 2028"
4/06/2028,129,"May 29 – Jun 4, 2028"
5/06/2028,130,"Jun 5 – 11, 2028"
6/06/2028,130,"Jun 5 – 11, 2028"
7/06/2028,130,"Jun 5 – 11, 2028"
8/06/2028,130,"Jun 5 – 11, 2028"
9/06/2028,130,"Jun 5 – 11, 2028"
10/06/2028,130,"Jun 5 – 11, 2028"
11/06/2028,130,"Jun 5 – 11, 2028"
12/06/2028,131,"Jun 12 – 18, 2028"
13/06/2028,131,"Jun 12 – 18, 2028"
14/06/2028,131,"Jun 12 – 18, 2028"
15/06/2028,131,"Jun 12 – 18, 2028"
16/06/2028,131,"Jun 12 – 18, 2028"
17/06/2028,131,"Jun 12 – 18, 2028"
18/06/2028,131,"Jun 12 – 18, 2028"
19/06/2028,132,"Jun 19 – 25, 2028"
20/06/2028,132,"Jun 19 – 25, 2028"
21/06/2028,132,"Jun 19 – 25, 2028"
22/06/2028,132,"Jun 19 – 25, 2028"
23/06/2028,132,"Jun 19 – 25, 2028"
24/06/2028,132,"Jun 19 – 25, 2028"
25/06/2028,132,"Jun 19 – 25, 2028"
26/06/2028,133,"Jun 26 – Jul 2, 2028"
27/06/2028,133,"Jun 26 – Jul 2, 2028"
28/06/2028,133,"Jun 26 – Jul 2, 2028"
29/06/2028,133,"Jun 26 – Jul 2, 2028"
30/06/2028,133,"Jun 26 – Jul 2, 2028"
1/07/2028,133,"Jun 26 – Jul 2, 2028"
2/07/2028,133,"Jun 26 – Jul 2, 2028"
3/07/2028,134,"Jul 3 – 9, 2028"
4/07/2028,134,"Jul 3 – 9, 2028"
5/07/2028,134,"Jul 3 – 9, 2028"
6/07/2028,134,"Jul 3 – 9, 2028"
7/07/2028,134,"Jul 3 – 9, 2028"
8/07/2028,134,"Jul 3 – 9, 2028"
9/07/2028,134,"Jul 3 – 9, 2028"
10/07/2028,135,"Jul 10 – 16, 2028"
11/07/2028,135,"Jul 10 – 16, 2028"
12/07/2028,135,"Jul 10 – 16, 2028"
13/07/2028,135,"Jul 10 – 16, 2028"
14/07/2028,135,"Jul 10 – 16, 2028"
15/07/2028,135,"Jul 10 – 16, 2028"
16/07/2028,135,"Jul 10 – 16, 2028"
17/07/2028,136,"Jul 17 – 23, 2028"
18/07/2028,136,"Jul 17 – 23, 2028"
19/07/2028,136,"Jul 17 – 23, 2028"
20/07/2028,136,"Jul 17 – 23, 2028"
21/07/2028,136,"Jul 17 – 23, 2028"
22/07/2028,136,"Jul 17 – 23, 2028"
23/07/2028,136,"Jul 17 – 23, 2028"
24/07/2028,137,"Jul 24 – 30, 2028"
25/07/2028,137,"Jul 24 – 30, 2028"
26/07/2028,137,"Jul 24 – 30, 2028"
27/07/2028,137,"Jul 24 – 30, 2028"
28/07/2028,137,"Jul 24 – 30, 2028"
29/07/2028,137,"Jul 24 – 30, 2028"
30/07/2028,137,"Jul 24 – 30, 2028"
31/07/2028,138,"Jul 31 – Aug 6, 2028"
1/08/2028,138,"Jul 31 – Aug 6, 2028"
2/08/2028,138,"Jul 31 – Aug 6, 2028"
3/08/2028,138,"Jul 31 – Aug 6, 2028"
4/08/2028,138,"Jul 31 – Aug 6, 2028"
5/08/2028,138,"Jul 31 – Aug 6, 2028"
6/08/2028,138,"Jul 31 – Aug 6, 2028"
7/08/2028,139,"Aug 7 – 13, 2028"
8/08/2028,139,"Aug 7 – 13, 2028"
9/08/2028,139,"Aug 7 – 13, 2028"
10/08/2028,139,"Aug 7 – 13, 2028"
11/08/2028,139,"Aug 7 – 13, 2028"
12/08/2028,139,"Aug 7 – 13, 2028"
13/08/2028,139,"Aug 7 – 13, 2028"
14/08/2028,140,"Aug 14 – 20, 2028"
15/08/2028,140,"Aug 14 – 20, 2028"
16/08/2028,140,"Aug 14 – 20, 2028"
17/08/2028,140,"Aug 14 – 20, 2028"
18/08/2028,140,"Aug 14 – 20, 2028"
19/08/2028,140,"Aug 14 – 20, 2028"
20/08/2028,140,"Aug 14 – 20, 2028"
21/08/2028,141,"Aug 21 – 27, 2028"
22/08/2028,141,"Aug 21 – 27, 2028"
23/08/2028,141,"Aug 21 – 27, 2028"
24/08/2028,141,"Aug 21 – 27, 2028"
25/08/2028,141,"Aug 21 – 27, 2028"
26/08/2028,141,"Aug 21 – 27, 2028"
27/08/2028,141,"Aug 21 – 27, 2028"
28/08/2028,142,"Aug 28 – Sep 3, 2028"
29/08/2028,142,"Aug 28 – Sep 3, 2028"
30/08/2028,142,"Aug 28 – Sep 3, 2028"
31/08/2028,142,"Aug 28 – Sep 3, 2028"
1/09/2028,142,"Aug 28 – Sep 3, 2028"
2/09/2028,142,"Aug 28 – Sep 3, 2028"
3/09/2028,142,"Aug 28 – Sep 3, 2028"
4/09/2028,143,"Sep 4 – 10, 2028"
5/09/2028,143,"Sep 4 – 10, 2028"
6/09/2028,143,"Sep 4 – 10, 2028"
7/09/2028,143,"Sep 4 – 10, 2028"
8/09/2028,143,"Sep 4 – 10, 2028"
9/09/2028,143,"Sep 4 – 10, 2028"
10/09/2028,143,"Sep 4 – 10, 2028"
11/09/2028,144,"Sep 11 – 17, 2028"
12/09/2028,144,"Sep 11 – 17, 2028"
13/09/2028,144,"Sep 11 – 17, 2028"
14/09/2028,144,"Sep 11 – 17, 2028"
15/09/2028,144,"Sep 11 – 17, 2028"
16/09/2028,144,"Sep 11 – 17, 2028"
17/09/2028,144,"Sep 11 – 17, 2028"
18/09/2028,145,"Sep 18 – 24, 2028"
19/09/2028,145,"Sep 18 – 24, 2028"
20/09/2028,145,"Sep 18 – 24, 2028"
21/09/2028,145,"Sep 18 – 24, 2028"
22/09/2028,145,"Sep 18 – 24, 2028"
23/09/2028,145,"Sep 18 – 24, 2028"
24/09/2028,145,"Sep 18 – 24, 2028"
25/09/2028,146,"Sep 25 – Oct 1, 2028"
26/09/2028,146,"Sep 25 – Oct 1, 2028"
27/09/2028,146,"Sep 25 – Oct 1, 2028"
28/09/2028,146,"Sep 25 – Oct 1, 2028"
29/09/2028,146,"Sep 25 – Oct 1, 2028"
30/09/2028,146,"Sep 25 – Oct 1, 2028"
1/10/2028,146,"Sep 25 – Oct 1, 2028"
2/10/2028,147,"Oct 2 – 8, 2028"
3/10/2028,147,"Oct 2 – 8, 2028"
4/10/2028,147,"Oct 2 – 8, 2028"
5/10/2028,147,"Oct 2 – 8, 2028"
6/10/2028,147,"Oct 2 – 8, 2028"
7/10/2028,147,"Oct 2 – 8, 2028"
8/10/2028,147,"Oct 2 – 8, 2028"
9/10/2028,148,"Oct 9 – 15, 2028"
10/10/2028,148,"Oct 9 – 15, 2028"
11/10/2028,148,"Oct 9 – 15, 2028"
12/10/2028,148,"Oct 9 – 15, 2028"
13/10/2028,148,"Oct 9 – 15, 2028"
14/10/2028,148,"Oct 9 – 15, 2028"
15/10/2028,148,"Oct 9 – 15, 2028"
16/10/2028,149,"Oct 16 – 22, 2028"
17/10/2028,149,"Oct 16 – 22, 2028"
18/10/2028,149,"Oct 16 – 22, 2028"
19/10/2028,149,"Oct 16 – 22, 2028"
20/10/2028,149,"Oct 16 – 22, 2028"
21/10/2028,149,"Oct 16 – 22, 2028"
22/10/2028,149,"Oct 16 – 22, 2028"
23/10/2028,150,"Oct 23 – 29, 2028"
24/10/2028,150,"Oct 23 – 29, 2028"
25/10/2028,150,"Oct 23 – 29, 2028"
26/10/2028,150,"Oct 23 – 29, 2028"
27/10/2028,150,"Oct 23 – 29, 2028"
28/10/2028,150,"Oct 23 – 29, 2028"
29/10/2028,150,"Oct 23 – 29, 2028"
30/10/2028,151,"Oct 30 – Nov 5, 2028"
31/10/2028,151,"Oct 30 – Nov 5, 2028"
1/11/2028,151,"Oct 30 – Nov 5, 2028"
2/11/2028,151,"Oct 30 – Nov 5, 2028"
3/11/2028,151,"Oct 30 – Nov 5, 2028"
4/11/2028,151,"Oct 30 – Nov 5, 2028"
5/11/2028,151,"Oct 30 – Nov 5, 2028"
6/11/2028,152,"Nov 6 – 12, 2028"
7/11/2028,152,"Nov 6 – 12, 2028"
8/11/2028,152,"Nov 6 – 12, 2028"
9/11/2028,152,"Nov 6 – 12, 2028"
10/11/2028,152,"Nov 6 – 12, 2028"
11/11/2028,152,"Nov 6 – 12, 2028"
12/11/2028,152,"Nov 6 – 12, 2028"
13/11/2028,153,"Nov 13 – 19, 2028"
14/11/2028,153,"Nov 13 – 19, 2028"
15/11/2028,153,"Nov 13 – 19, 2028"
16/11/2028,153,"Nov 13 – 19, 2028"
17/11/2028,153,"Nov 13 – 19, 2028"
18/11/2028,153,"Nov 13 – 19, 2028"
19/11/2028,153,"Nov 13 – 19, 2028"
20/11/2028,154,"Nov 20 – 26, 2028"
21/11/2028,154,"Nov 20 – 26, 2028"
22/11/2028,154,"Nov 20 – 26, 2028"
23/11/2028,154,"Nov 20 – 26, 2028"
24/11/2028,154,"Nov 20 – 26, 2028"
25/11/2028,154,"Nov 20 – 26, 2028"
26/11/2028,154,"Nov 20 – 26, 2028"
27/11/2028,155,"Nov 27 – Dec 3, 2028"
28/11/2028,155,"Nov 27 – Dec 3, 2028"
29/11/2028,155,"Nov 27 – Dec 3, 2028"
30/11/2028,155,"Nov 27 – Dec 3, 2028"
1/12/2028,155,"Nov 27 – Dec 3, 2028"
2/12/2028,155,"Nov 27 – Dec 3, 2028"
3/12/2028,155,"Nov 27 – Dec 3, 2028"
4/12/2028,156,"Dec 4 – 10, 2028"
5/12/2028,156,"Dec 4 – 10, 2028"
6/12/2028,156,"Dec 4 – 10, 2028"
7/12/2028,156,"Dec 4 – 10, 2028"
8/12/2028,156,"Dec 4 – 10, 2028"
9/12/2028,156,"Dec 4 – 10, 2028"
10/12/2028,156,"Dec 4 – 10, 2028"
11/12/2028,157,"Dec 11 – 17, 2028"
12/12/2028,157,"Dec 11 – 17, 2028"
13/12/2028,157,"Dec 11 – 17, 2028"
14/12/2028,157,"Dec 11 – 17, 2028"
15/12/2028,157,"Dec 11 – 17, 2028"
16/12/2028,157,"Dec 11 – 17, 2028"
17/12/2028,157,"Dec 11 – 17, 2028"
18/12/2028,158,"Dec 18 – 24, 2028"
19/12/2028,158,"Dec 18 – 24, 2028"
20/12/2028,158,"Dec 18 – 24, 2028"
21/12/2028,158,"Dec 18 – 24, 2028"
22/12/2028,158,"Dec 18 – 24, 2028"
23/12/2028,158,"Dec 18 – 24, 2028"
24/12/2028,158,"Dec 18 – 24, 2028"
25/12/2028,159,"Dec 25 – 31, 2028"
26/12/2028,159,"Dec 25 – 31, 2028"
27/12/2028,159,"Dec 25 – 31, 2028"
28/12/2028,159,"Dec 25 – 31, 2028"
29/12/2028,159,"Dec 25 – 31, 2028"
30/12/2028,159,"Dec 25 – 31, 2028"
31/12/2028,159,"Dec 25 – 31, 2028"
