brandKey,classTitle,classArtists,classType,classLocation,classShortDescription,classLongDescription,classPrice,classCTALabel,classDate,classStartTime,classEndTime,classLink
lp,Pro Trend Masterclass ,Kelly Manu,Pro Styling,Academy,2026 colour & cutting trends with Kelly Manu,"Celebrating the ""skinification"" of hair and the shift towards ultra-hydrated, runway inspired textures, Kelly Manu will be guiding you through some of the definitive colour and cutting trends of 2026.",$345,Secure Your Spot,29/06/2026,10am,4pm,https://anz.lorealaccess.com/au/courses/41239/pro-trend-masterclass-loreal-professionnel-345-ex-gst
lp,French Glossing & Style ,Massimo Tirrimacco,Pro Styling,Academy,Dimensional blends with new Dia Light,Join Massimo Tirrimacco in learning to achieve dimensional blended results from roots to ends with the NEW Dia Light.,$345,Secure Your Spot,3/08/2026,10am,4pm,https://anz.lorealaccess.com/au/courses/41230/french-glossing-style-loreal-professionnel-345-ex-gst
lp,French Highlights Tech Talk by Pete Thomsen ,Pete Thomsen,Pro Styling,Online,French Highlights technique with Pete Thomsen,Join Pete Thomsen as he takes you through the French Highlights trending technique.,$50,Register to Watch,17/08/2026,10am,12pm,https://anz.lorealaccess.com/courses/24249/french-highlights-tech-talk-pete-thomsen-loreal-professionnel-5000-exgst
lp,Dia Light Launch Premiere,Pete Thomsen,Launch,Online,New Dia Light with Hyaluronic Acid overview,Pete Thomsen will take us through the new revamp of Dia Light powered by Hyaluronic Acid.,$0,Register to Watch,11/05/2026,12pm,1pm,https://anz.lorealaccess.com/au/courses/43531/dia-light-launch-with-pete-thomsen-loreal-professionnel-free
lp,Pro Trend Evening,L’Oreal Pro Artist,Pro Styling,Academy,Master new Dia Light shades & results,How can you master the new shades of Dia Light and get industry leading results with the range? Come to find out. Goodie bag on arrival!,$50,Secure Your Spot,15/06/2026,6pm,9pm,https://anz.lorealaccess.com/au/courses/41238/pro-trend-evening-loreal-professionnel-5000-exgst
lp,Cutting 101 ,Robert Bava,Pro Styling,Academy,Cutting & styling fundamentals workshop,"Join Robert Bava of Parlour Hair for a hands on workshop on the fundamentals of cutting and styling, aimed more for the aspiring stylists and apprentices or for those wanting to refresh their knowledge.",$345,Secure Your Spot,14/09/2026,10am,4pm,https://anz.lorealaccess.com/au/courses/38578/cutting-101-robert-bava-loreal-professionnel-345-ex-gst
lp,Art of Colour Application ,,Education,Academy,"Root touch-ups, toning & colour application","Precise colour application including root touch-ups, full colour application and toning. Sectioning, root blending and different application methods.",$0,Secure Your Spot,13/04/2026,10am,4pm,https://anz.lorealaccess.com/courses/16228/art-of-colour-application-loreal-professionnel-free
lp,Balayage & Highlight Keys ,,Education,Academy,Blonde Studio: highlights & balayage basics,"Confidence in the Blonde Studio portfolio, highlight and balayage patterns and application.",$150,Secure Your Spot,7 Online and 11/05/2026 ,10am,4pm,https://anz.lorealaccess.com/courses/24272/balayage-highlight-keys-application-day-loreal-professionnel-15000-exgst
lp,Colour and Lightening Discovery ,,Education,Academy,Colour ranges as a salon business driver,Discovery session of our colour and lightening ranges and how to use L'Oreal as a business driver and opportunity in your salon.,$0,Secure Your Spot,23/03/2026,10am,4pm,https://anz.lorealaccess.com/courses/16245/colour-lightening-discovery-loreal-professionnel-free
lp,Colour Keys 1 ,,Education,Academy,Essential colouring techniques masterclass,"Master essential colouring techniques, strengthen salon services and deliver outstanding results.",$230,Secure Your Spot,27/04/2026 and 04/05/2026 ,10am,4pm,https://anz.lorealaccess.com/courses/24255/colour-keys-1-hands-on-application-day-loreal-professionnel-23000-exgst
lp,Colour Keys 2 ,,Education,Academy,Advanced colour correction & darkening,"Master advanced colouring techniques, including colour correction, cleansing and darkening methods, managing common challenges and expert consultations.",$230,Secure Your Spot,25/05/2026 and 01/06/2026 ,10am,4pm,https://anz.lorealaccess.com/courses/24256/colour-keys-2-hands-on-application-day-loreal-professionnel-23000-exgst
lp,Colour Keys Intro ,,Education,Academy,Colour & lightening fundamentals intro,"Fundamentals of colour and lightening, first step into colouring hair and the foundation of everything hair.",$0,Secure Your Spot,16/03/2026,10am,4pm,https://anz.lorealaccess.com/courses/16244/colour-keys-intro-loreal-professionnel-free
lp,Colour Placement Fundamentals ,,Education,Academy,"Balayage, weaves & dimensional placement","Strategic colour placement to create intriuge and depth and dimension. Highlighting weaves, balayage and individualisation.",$115,Secure Your Spot,2/03/2026,10am,4pm,https://anz.lorealaccess.com/courses/16246/colour-placement-fundamentals-loreal-professionnel-11500-exgst
lp,Dia Discovery ,,Discover,Online,"Dia demi-colour: gloss, blend & refresh","Understand more about the Dia demi-colour line, including its use in colour refreshing, glossing, white hair blending and creating subtle colour shifts. Ideal for stylists looking to expand their colour services and offer clients a low commitment high-shine colour option.",$0,Register to Watch,3/03/2026,3pm,4pm,https://anz.lorealaccess.com/courses/16248/dia-discovery-loreal-professionnel-free
lp,Disruptive Tech Haircare ,,Discover,Online,"Vitamino, Metal Detox & Absolute Repair","This session enhances your knowledge on our Disruptive Technology Haircare Portfolio, namely Vitamino Color Spectrum, Metal Detox and Absolute Repair Molecular. Learn more about which range is right for your client and how to recommend and prescribe the ranges with confidence.",$0,Register to Watch,17/03/2026,1pm,2pm,https://anz.lorealaccess.com/au/courses/16250/disruptive-tech-haircare-loreal-professionnel-free
lp,iNOA Immersion ,,Discover,Online,iNOA technology & ammonia-free colour,"Dive into the technology behind iNOA, the ODS (Oil Delivery System) housing the ammonia-free colour and how it delivers exceptional results while respecting the natural variation in the hair.",$50,Register to Watch,10/03/2026,3pm,4pm,https://anz.lorealaccess.com/courses/28555/inoa-immersion-loreal-professionnel-free
lp,Level Up Lightening ,,Discover,Online,Blonde Studio: lift & product scenarios,Mastering the Blonde Studio range with scenarios for when to use which one and how to achieve the perfect amount of lift.,$0,Register to Watch,3/03/2026,1pm,2pm,https://anz.lorealaccess.com/courses/16251/level-up-lightning-loreal-professionnel-free
lp,Majirel Mastery ,,Discover,Online,Majirel mastery & white hair coverage,Master the art of Majirel including the reflects and how to achieve complete white hair coverage.,$0,Register to Watch,10/03/2026,1pm,3pm,https://anz.lorealaccess.com/courses/16252/majirel-mastery-loreal-professionnel-free
lp,Styling Tech Fundamentals ,,Education,Academy,Tecni.Art styling & blow-dry techniques,Discover the power of L'Oreal Professionnel's Tecni.Art styling products with our expert instructors guiding you through the nuances of blow-drying for different hair types and lengths.,$115,Secure Your Spot,5/05/2026,10am,4pm,https://anz.lorealaccess.com/au/courses/28569/styling-tech-fundamentals-loreal-professionnel-11500-exgst
lp,Art of Colour Application ,,Education,Academy,"Root touch-ups, toning & colour application","Precise colour application including root touch-ups, full colour application and toning. Sectioning, root blending and different application methods.",$0,Secure Your Spot,24/08/2026,10am,4pm,https://anz.lorealaccess.com/courses/16228/art-of-colour-application-loreal-professionnel-free
lp,Balayage & Highlight Keys ,,Education,Academy,Blonde Studio: highlights & balayage basics,"Confidence in the Blonde Studio portfolio, highlight and balayage patterns and application.",$150,Secure Your Spot,5/10/2026,10am,4pm,https://anz.lorealaccess.com/courses/24272/balayage-highlight-keys-application-day-loreal-professionnel-15000-exgst
lp,Colour and Lightening Discovery ,,Education,Academy,Colour ranges as a salon business driver,Discovery session of our colour and lightening ranges and how to use L'Oreal as a business driver and opportunity in your salon.,$0,Secure Your Spot,6/07/2026,10am,4pm,https://anz.lorealaccess.com/courses/16245/colour-lightening-discovery-loreal-professionnel-free
lp,Colour Keys 1 ,,Education,Academy,Essential colouring techniques masterclass,"Master essential colouring techniques, strengthen salon services and deliver outstanding results.",$230,Secure Your Spot,31/08/2026 and 07/09/2026 ,10am,4pm,https://anz.lorealaccess.com/courses/24255/colour-keys-1-hands-on-application-day-loreal-professionnel-23000-exgst
lp,Colour Keys 2 ,,Education,Academy,Advanced colour correction & darkening,"Master advanced colouring techniques, including colour correction, cleansing and darkening methods, managing common challenges and expert consultations.",$230,Secure Your Spot,14/09/2026 and 21/09/2026 ,10am,4pm,https://anz.lorealaccess.com/courses/24256/colour-keys-2-hands-on-application-day-loreal-professionnel-23000-exgst
lp,Colour Keys Intro ,,Education,Academy,Colour & lightening fundamentals intro,"Fundamentals of colour and lightening, first step into colouring hair and the foundation of everything hair.",$0,Secure Your Spot,31/08/2026,10am,4pm,https://anz.lorealaccess.com/courses/16244/colour-keys-intro-loreal-professionnel-free
lp,Colour Placement Fundamentals ,,Education,Academy,"Balayage, weaves & dimensional placement","Strategic colour placement to create intriuge and depth and dimension. Highlighting weaves, balayage and individualisation.",$115,Secure Your Spot,17/08/2026,10am,4pm,https://anz.lorealaccess.com/courses/16246/colour-placement-fundamentals-loreal-professionnel-11500-exgst
lp,Dia Discovery ,,Discover,Online,"Dia demi-colour: gloss, blend & refresh","Understand more about the Dia demi-colour line, including its use in colour refreshing, glossing, white hair blending and creating subtle colour shifts. Ideal for stylists looking to expand their colour services and offer clients a low commitment high-shine colour option.",$0,Register to Watch,2/06/2026,2pm,3pm,https://anz.lorealaccess.com/courses/16248/dia-discovery-loreal-professionnel-free
lp,Disruptive Tech Haircare ,,Discover,Online,"Vitamino, Metal Detox & Absolute Repair","This session enhances your knowledge on our Disruptive Technology Haircare Portfolio, namely Vitamino Color Spectrum, Metal Detox and Absolute Repair Molecular. Learn more about which range is right for your client and how to recommend and prescribe the ranges with confidence.",$0,Register to Watch,16/06/2026,12pm,1pm,https://anz.lorealaccess.com/au/courses/16250/disruptive-tech-haircare-loreal-professionnel-free
lp,iNOA Immersion ,,Discover,Online,iNOA technology & ammonia-free colour,"Dive into the technology behind iNOA, the ODS (Oil Delivery System) housing the ammonia-free colour and how it delivers exceptional results while respecting the natural variation in the hair.",$50,Register to Watch,9/06/2026,2pm,3pm,https://anz.lorealaccess.com/courses/28555/inoa-immersion-loreal-professionnel-free
lp,Level Up Lightening ,,Discover,Online,Blonde Studio: lift & product scenarios,Mastering the Blonde Studio range with scenarios for when to use which one and how to achieve the perfect amount of lift.,$0,Register to Watch,2/06/2026,12pm,1pm,https://anz.lorealaccess.com/courses/16251/level-up-lightning-loreal-professionnel-free
lp,Majirel Mastery ,,Discover,Online,Majirel mastery & white hair coverage,Master the art of Majirel including the reflects and how to achieve complete white hair coverage.,$0,Register to Watch,9/06/2026,12pm,2pm,https://anz.lorealaccess.com/courses/16252/majirel-mastery-loreal-professionnel-free
lp,Colour and Lightening Discovery ,,Education,Academy,Colour ranges as a salon business driver,Discovery session of our colour and lightening ranges and how to use L'Oreal as a business driver and opportunity in your salon.,$0,Secure Your Spot,5/10/2026,10am,4pm,https://anz.lorealaccess.com/courses/16245/colour-lightening-discovery-loreal-professionnel-free
lp,Colour Keys Intro ,,Education,Academy,Colour & lightening fundamentals intro,"Fundamentals of colour and lightening, first step into colouring hair and the foundation of everything hair.",$0,Secure Your Spot,19/10/2026,10am,4pm,https://anz.lorealaccess.com/courses/16244/colour-keys-intro-loreal-professionnel-free
lp,Dia Discovery ,,Discover,Online,"Dia demi-colour: gloss, blend & refresh","Understand more about the Dia demi-colour line, including its use in colour refreshing, glossing, white hair blending and creating subtle colour shifts. Ideal for stylists looking to expand their colour services and offer clients a low commitment high-shine colour option.",$0,Register to Watch,1/09/2026,2pm,3pm,https://anz.lorealaccess.com/courses/16248/dia-discovery-loreal-professionnel-free
lp,Disruptive Tech Haircare ,,Discover,Online,"Vitamino, Metal Detox & Absolute Repair","This session enhances your knowledge on our Disruptive Technology Haircare Portfolio, namely Vitamino Color Spectrum, Metal Detox and Absolute Repair Molecular. Learn more about which range is right for your client and how to recommend and prescribe the ranges with confidence.",$0,Register to Watch,15/09/2026,12pm,1pm,https://anz.lorealaccess.com/au/courses/16250/disruptive-tech-haircare-loreal-professionnel-free
lp,iNOA Immersion ,,Discover,Online,iNOA technology & ammonia-free colour,"Dive into the technology behind iNOA, the ODS (Oil Delivery System) housing the ammonia-free colour and how it delivers exceptional results while respecting the natural variation in the hair.",$50,Register to Watch,8/09/2026,2pm,3pm,https://anz.lorealaccess.com/courses/28555/inoa-immersion-loreal-professionnel-free
lp,Level Up Lightening ,,Discover,Online,Blonde Studio: lift & product scenarios,Mastering the Blonde Studio range with scenarios for when to use which one and how to achieve the perfect amount of lift.,$0,Register to Watch,1/09/2026,12pm,1pm,https://anz.lorealaccess.com/courses/16251/level-up-lightning-loreal-professionnel-free
lp,Majirel Mastery ,,Discover,Online,Majirel mastery & white hair coverage,Master the art of Majirel including the reflects and how to achieve complete white hair coverage.,$0,Register to Watch,8/09/2026,12pm,2pm,https://anz.lorealaccess.com/courses/16252/majirel-mastery-loreal-professionnel-free
redken,pH-Bonder Pro Launch,,Launch,Academy,National product launch across all salons,The full pH-Bonder Pro range launches nationally this month. Demo kits and launch assets are available via the salon portal. Book your in-salon activation today.,0,View Launch Kit,15/01/2026,6pm,8pm,https://loreal.com
redken,Science Series Masterclass,,Education,Academy,2-day technical education event,A 2-day immersive masterclass covering the science behind Redken's bonding technology. Hands-on colour applications and live model work with Redken educators.,0,Book Your Place,10/02/2026,6pm,8pm,https://loreal.com
redken,Acidic Bonding Campaign,,Campaign,Academy,Digital and in-salon consumer campaign,The Acidic Bonding Concentrate consumer campaign rolls out digitally and in-salon. Access point-of-sale assets and digital content via the salon portal.,0,Access Campaign Assets,1/04/2026,6pm,8pm,https://loreal.com
redken,Exchange Summit,Redken Education Team,Education,Academy,Redken Exchange Education Summit — Melbourne,"2-day immersive education experience covering colour science, bonding chemistry and the latest techniques. Hands-on workshops and live demos from Redken educators.",0,Book Your Place,4/06/2026,6pm,8pm,https://loreal.com
redken,pH Webinar Series,Redken Science Team,Education,Academy,3-part online webinar covering bond science,Deep-dive online session covering Acidic Bonding Concentrate technology and pH science. Learn how to prescribe the right ritual for every client.,0,Register Free,19/05/2026,6pm,8pm,https://loreal.com
redken,Shades EQ Gloss Drop,,Launch,Academy,Limited edition gloss shades — retailer exclusive,"A special Shades EQ Gloss preview for partner salons ahead of the August national launch. Colour swatches, application guides and a virtual Q&A with the Redken colour team.",0,Join Preview Event,9/07/2026,6pm,8pm,https://loreal.com
redken,Science Series Melbourne,,Education,Academy,Masterclass and hands-on workshop,In-depth technical masterclass covering the full Acidic Bonding Concentrate range. Hands-on colour applications and live model work. Limited to 30 stylists.,0,Book Now,24/06/2026,6pm,8pm,https://loreal.com
redken,Holiday Retail Push,,Campaign,Academy,End-of-year gift set campaign,"Redken holiday gift sets hit shelves. Access POS materials, digital assets and sampling kits via the salon portal to drive retail conversations this season.",0,Access Assets,1/11/2026,6pm,8pm,https://loreal.com
biolage,Botanical Ritual Workshop,,Education,Academy,Brisbane — intimate workshop for 20 stylists,An intimate hands-on ritual workshop for 20 stylists. Explore the full botanical ritual range through sensory education in a relaxed small-group setting.,0,Apply for a Place,11/02/2026,6pm,8pm,https://loreal.com
biolage,Earth Day Campaign,,Community,Academy,Sustainability milestone and social content,Celebrate Earth Day with Biolage. Share your salon's sustainability story using #BiolageEarthAU. POS materials and digital assets available via the portal.,0,Get Involved,22/04/2026,6pm,8pm,https://loreal.com
biolage,HydraSource Summer Launch,,Launch,Academy,New summer hydration range — national rollout,Aloe-powered formulas designed for thirsty hair in warm weather. In-salon demo kits arrive this week — get your clients summer-ready with the full HydraSource ritual.,0,View Launch Kit,22/05/2026,6pm,8pm,https://loreal.com
biolage,Harvest Workshop Series,,Education,Online,5-city tour — seasonal ritual education,An intimate hands-on ritual workshop for 20 stylists. Explore the full botanical ritual range through sensory education as part of the national Harvest Workshop Series.,0,Apply for a Place,11/06/2026,6pm,8pm,https://loreal.com
biolage,R.A.W. Texture Launch,,Launch,Online,New R.A.W. texture ritual product range,"Exclusive early look at the upcoming R.A.W. Texture Ritual range for curly, wavy and coily hair. Preview packs available for partner salons to trial and review.",0,Request Preview Pack,3/07/2026,6pm,8pm,https://loreal.com
biolage,Festive Gift Sets,,Campaign,Online,Botanical gift set retail campaign,Biolage botanical gift sets are here for the festive season. Drive retail conversations with POS materials and digital assets available via the salon portal.,0,Access Assets,1/11/2026,6pm,8pm,https://loreal.com
pureology,ZeroSulfate® Webinar,,Education,Online,Free certification webinar for colorists,Free certification webinar covering the science and benefits of ZeroSulfate® technology. Perfect for colorists looking to deepen their knowledge and earn CPD points.,0,Enrol Now — Free,15/01/2026,6pm,8pm,https://loreal.com
pureology,Colour Protect Masterclass,,Education,Online,Exclusive colorist masterclass — Sydney,An exclusive curated masterclass for colorists exploring the full Colour Protect ritual. Hosted by a Pureology international educator. Limited places available.,0,Request Invitation,10/03/2026,6pm,8pm,https://loreal.com
pureology,Hydrate Sheer — Nationwide Launch,,Launch,Online,New lightweight hydration system launch,A featherweight vegan hydration system for fine colour-treated hair. Zero sulfates. Zero weight. Full luminosity. Stylist unboxing experiences begin nationally.,0,Explore Hydrate Sheer,27/05/2026,6pm,8pm,https://loreal.com
pureology,Vegan Beauty Summit,,Community,Online,Annual vegan and sustainability summit,"Pureology's annual Vegan Beauty Summit brings together like-minded professionals to explore sustainable beauty, ingredient ethics and the future of vegan haircare.",0,Register Now,15/07/2026,6pm,8pm,https://loreal.com
pureology,AntiFade Campaign,,Campaign,Online,Consumer-facing AntiFade awareness campaign,"The AntiFade campaign goes live for clients. Equip your salon with digital assets, in-store posters and tester kits to drive retail conversations around colour longevity.",0,Access Campaign Kit,18/06/2026,6pm,8pm,https://loreal.com
pureology,Holiday Colour Protect,,Launch,Online,Limited holiday Colour Protect collection,The limited-edition holiday Colour Protect collection is here. Drive gifting conversations with curated POS materials and digital assets via the salon portal.,0,View Collection,1/11/2026,6pm,8pm,https://loreal.com
kerastase,Elixir Ultime Reveal,,Launch,Online,Sydney Atelier unveiling — invitation only,Kérastase unveils the new Elixir Ultime collection at an exclusive Sydney Atelier experience. An invitation-only evening for our most valued salon partners.,0,Request Invitation,14/02/2026,6pm,8pm,https://loreal.com
kerastase,Première Capsule Drop,,Launch,Online,Exclusive capsule — curated salon partners only,The Première capsule collection drops exclusively for curated Kérastase salon partners. A rare opportunity to access limited-edition formulations before the national launch.,0,View Capsule,1/04/2026,6pm,8pm,https://loreal.com
kerastase,Chronologiste — Luxury Launch,,Launch,Online,Luxury anti-ageing range national launch,Kérastase's most prestigious anti-ageing ritual makes its Australian debut. Atelier experiences for your most discerning clients begin this week in Sydney.,0,Request Invitation,3/06/2026,6pm,8pm,https://loreal.com
kerastase,Blond Absolu Colorist Atelier,,Education,Tasmania,Invitation-only colorist experience — Melbourne,An invitation-only colorist experience exploring the full Blond Absolu ritual. Hosted by a Kérastase international educator. Eight places only.,0,Request Invitation,19/06/2026,6pm,8pm,https://loreal.com
kerastase,Fashion Week Campaign,,Campaign,Tasmania,Blond Absolu fashion week editorial campaign,The Blond Absolu fashion week editorial campaign goes live. Access campaign assets and digital content to position your salon at the forefront of seasonal trends.,0,Access Assets,1/08/2026,6pm,8pm,https://loreal.com
kerastase,Genesis Fortifiant — Teaser Reveal,,Launch,Tasmania,Genesis Fortifiant — exclusive salon unveiling,First look at the new Genesis Fortifiant collection — a strengthening ritual rooted in the science of fragile hair. Partner salons receive the Discovery Box this week.,0,View Teaser,8/07/2026,6pm,8pm,https://loreal.com
kerastase,Holiday Couture Collection,,Launch,Tasmania,Festive luxury collection — premium gifting,The Kérastase Holiday Couture Collection arrives for the festive season. Drive premium gifting conversations with curated POS and digital assets.,0,View Collection,1/12/2026,6pm,8pm,https://loreal.com
matrix,Total Results Style Drop,,Launch,Tasmania,New Total Results styling range — social-first launch,The new Total Results styling range launches with a social-first campaign. Access launch assets and UGC content briefs via the salon portal.,0,View Launch Kit,10/01/2026,6pm,8pm,https://loreal.com
matrix,SoColor Vivids Launch,,Launch,Tasmania,Vivids expansion — 12 new shades,"12 new SoColor Vivids shades drop nationally. Bold. Bright. Unapologetic. Access the full shade guide, application videos and retail assets via the portal.",0,Explore the Shades,1/03/2026,6pm,8pm,https://loreal.com
matrix,Mega Sleek Curl Campaign,,Campaign,Academy,Curl and texture consumer campaign — UGC push,Curl season is here. Share your best curl transformations with #MatrixCurlAU for a chance to be spotlighted on Matrix's national social channels.,0,Join the Campaign,29/05/2026,6pm,8pm,https://loreal.com
matrix,Live Demo Tour — Brisbane,,Education,Academy,High-energy live demo — 300 stylists,"High energy. Live colour, cut and texture demos from Matrix artists. Open to all stylists — bring your whole team.",0,Get Tickets,12/06/2026,6pm,8pm,https://loreal.com
matrix,Live Demo Tour — Sydney,,Education,Academy,High-energy live demo — 400 stylists,"The biggest Matrix Live Demo Tour show yet — 400 stylists, 6 live model stations, curl and colour and cut all on stage simultaneously. Doors open 5:30PM.",0,Get Tickets,26/06/2026,6pm,8pm,https://loreal.com
matrix,Back-to-School Texture Drop,,Launch,Academy,Texture and curl back-to-school hype campaign,The biggest texture and curl drop of the year is coming. Preview packs hit salons — new Curl Please and Mega Sleek bundles plus fresh social content.,0,Preview the Drop,10/07/2026,6pm,8pm,https://loreal.com
matrix,Halloween Vivids Push,,Campaign,Academy,Bold vivid colour social campaign — Halloween,Go bold for Halloween. The Matrix Vivids Halloween campaign goes live across social. Access assets and client-facing content via the salon portal.,0,Access Assets,1/10/2026,6pm,8pm,https://loreal.com
matrix,Holiday Bold Drop,,Launch,Academy,Holiday gift sets — vivid and bold range,"The Matrix Holiday Bold Drop lands in salons. Drive gifting conversations with vivid and bold gift sets, POS materials and digital assets.",0,View the Drop,1/11/2026,6pm,8pm,https://loreal.com
proconnect,Business Forum Preview,,Community,Academy,Member early-access — Business Forum agenda reveal,"Pro.Connect members get early access to the Business Forum agenda, speaker lineup and workshop schedule. Registration opens exclusively for members this week.",0,View Agenda,1/03/2026,6pm,8pm,https://loreal.com
proconnect,Member Summit — Melbourne,,Community,Academy,Exclusive paid-tier member summit,"The Pro.Connect Member Summit brings together Australia's most ambitious salon owners for a day of strategy, networking and exclusive content from industry leaders.",0,Reserve Your Seat,20/05/2026,6pm,8pm,https://loreal.com
proconnect,Member Networking Dinner — Sydney,,Community,Academy,Exclusive networking dinner for Pro.Connect members,"An exclusive evening for Pro.Connect members. Hear from Australia's top salon owners on scaling businesses, retaining top talent and winning the client experience race.",0,Reserve Your Seat,5/06/2026,6pm,8pm,https://loreal.com
proconnect,Member Workshop: Scaling Your Salon,,Education,Academy,Half-day workshop on salon growth strategy,"For ambitious salon owners ready to grow. Half-day workshop covers financial planning, team structure and the systems Australia's fastest-growing salons use.",0,Members: Reserve Spot,25/06/2026,6pm,8pm,https://loreal.com
proconnect,Business Forum,,Community,Academy,Flagship Business Forum — Aug 30 to Sep 1,"The flagship Pro.Connect Business Forum. Three days of keynotes, workshops, networking dinners and exclusive content from Australia's top salon business leaders.",0,Get Your Ticket,30/08/2026,6pm,8pm,https://loreal.com
proconnect,Networking Dinner Series,,Community,Academy,5-city exclusive member networking dinners,"The Pro.Connect Networking Dinner Series comes to five cities. An exclusive evening for members to connect, share and hear from inspiring salon business leaders.",0,Reserve Your Seat,1/10/2026,6pm,8pm,https://loreal.com
proconnect,Year-End Strategy Session,,Education,Academy,Members-only year-end planning workshop,"A members-only half-day workshop to close out the year. Review your 2026 performance, set your 2027 goals and leave with a clear action plan.",0,Members: Book Now,1/11/2026,6pm,8pm,https://loreal.com
academy,Free Webinar — Social Media,,Education,Academy,Free: Social media for salon businesses,"How to build your salon's social presence from scratch. Covers Instagram strategy, content planning and turning followers into bookings. 100% free.",0,Enrol Now — Free,20/01/2026,6pm,8pm,https://loreal.com
academy,Business Fundamentals,,Education,Online,Module opens — free online enrolment,"The Business Fundamentals online module opens for enrolment. Self-paced, 3 hours total, with a completion certificate. Covers pricing, profit margins and growth planning.",0,Enrol Now — Free,1/02/2026,6pm,8pm,https://loreal.com
academy,Free Workshop — Pricing Your Services,,Education,Online,Free: How to price your salon services,"Learn how to price your services, communicate your value and increase your average bill per client — without losing loyalty. 100% free for all hair professionals.",0,Enrol Now — Free,21/05/2026,6pm,8pm,https://loreal.com
academy,Free Webinar: Client Retention Masterclass,,Education,Online,Free webinar — building loyal clientele,"How do you turn a one-time booking into a client for life? Covers rebooking strategies, loyalty programs and personalising the salon experience.",0,Save Your Spot — Free,10/06/2026,6pm,8pm,https://loreal.com
academy,Team Leadership Module,,Education,Online,New free online module launch,"A brand-new free online module — Team Leadership for Salon Professionals. Self-paced, 4 hours total, with a completion certificate. Covers hiring and culture.",0,Enrol Now — Free,1/07/2026,6pm,8pm,https://loreal.com
academy,Free Certification Launch,,Education,Online,Salon Management certification — free enrol,"The Salon Management certification opens for free enrolment. A structured 6-hour program covering operations, team management and client experience.",0,Enrol Now — Free,1/10/2026,6pm,8pm,https://loreal.com
academy,Year-End Learning Review,,Community,Online,Community wrap-up and 2027 curriculum preview,"The annual community wrap-up webinar. Celebrate your 2026 learning milestones, connect with fellow professionals and get a first look at the 2027 curriculum.",0,Register Now,1/11/2026,6pm,8pm,https://loreal.com
